Eggs,Age0
362903.2329,1675.464833
846175.4897,788.8622
1044216.562,1364.8967
1746422.477,1397.9155
2393060.335,2196.1091
3447540.558,1178.6276
2938753.674,717.4411
3250456.396,429.9622
2993045.074,208.8798
159619.6218,513.6916822
159619.6218,968.8939959
